-- create a database, named sqlfundamentals
CREATE DATABASE IF NOT EXISTS sqlfundamentals;


-- connect to the newly created database
\c sqlfundamentals

-- create table facilities
CREATE TABLE facilities (
    facid integer NOT NULL PRIMARY KEY,
    name character varying(100) NOT NULL,
    membercost numeric NOT NULL,
    guestcost numeric NOT NULL,
    initialoutlay numeric NOT NULL,
    monthlymaintenance numeric NOT NULL
);

-- Populate table facilities
INSERT INTO facilities (facid, name, membercost, guestcost, initialoutlay, monthlymaintenance) VALUES
(0, 'Tennis Court 1', 5, 25, 10000, 200),
(1, 'Tennis Court 2', 5, 25, 8000, 200),
(2, 'Badminton Court', 0, 15.5, 4000, 50),
(3, 'Table Tennis', 0, 5, 320, 10),
(4, 'Massage Room 1', 35, 80, 4000, 3000),
(5, 'Massage Room 2', 35, 80, 4000, 3000),
(6, 'Squash Court', 3.5, 17.5, 5000, 80),
(7, 'Snooker Table', 0, 5, 450, 15),
(8, 'Pool Table', 0, 5, 400, 15);

-- create table customer
CREATE TABLE customers (
  CustomerID INT NOT NULL,
  CustomerName VARCHAR DEFAULT NULL,
  ContactName VARCHAR DEFAULT NULL,
  Address VARCHAR DEFAULT NULL,
  City VARCHAR DEFAULT NULL,
  PostalCode VARCHAR DEFAULT NULL,
  Country VARCHAR DEFAULT NULL
);

-- make customerId primary key
ALTER TABLE customers
  ADD PRIMARY KEY (CustomerID);

-- Populate table customer
INSERT INTO customers (CustomerID, CustomerName, ContactName, Address, City, PostalCode, Country) VALUES
(1, 'Alfreds Futterkiste', 'Maria Anders', 'Obere Str. 57', 'Berlin', '12209', 'Germany'),
(2, 'Ana Trujillo Emparedados y helados', 'Ana Trujillo', 'Avda. de la Constitución 2222', 'México D.F.', '05021', 'Mexico'),
(3, 'Antonio Moreno Taquería', 'Antonio Moreno', 'Mataderos 2312', 'México D.F.', '05023', 'Mexico'),
(4, 'Around the Horn', 'Thomas Hardy', '120 Hanover Sq.', 'London', 'WA1 1DP', 'UK'),
(5, 'Berglunds snabbköp', 'Christina Berglund', 'Berguvsvägen 8', 'Luleå', 'S-958 22', 'Sweden'),
(6, 'Blauer See Delikatessen', 'Hanna Moos', 'Forsterstr. 57', 'Mannheim', '68306', 'Germany'),
(7, 'Blondel père et fils', 'Frédérique Citeaux', '24, place Kléber', 'Strasbourg', '67000', 'France'),
(8, 'Bólido Comidas preparadas', 'Martín Sommer', 'C Araquil 67', 'Madrid', '28023', 'Spain'),
(9, 'Bon app', 'Laurence Lebihans 12', 'rue des Bouchers', 'Marseille', '13008', 'France'),
(10, 'Bottom-Dollar Marketse', 'Elizabeth Lincoln', '23 Tsawassen Blvd.', 'Tsawassen', 'T2F 8M4', 'Canada'),
(11, 'B s Beverages', 'Victoria Ashworth', 'Fauntleroy Circus', 'London', 'EC2 5NT', 'UK'),
(12, 'Cactus Comidas para llevar', 'Patricio Simpson', 'Cerrito 333', 'Buenos Aires', '1010', 'Argentina'),
(13, 'Centro comercial Moctezuma', 'Francisco Chang', 'Sierras de Granada 9993', 'México D.F.', '05022', 'Mexico'),
(14, 'Chop-suey Chinese', 'Yang Wang', 'Hauptstr. 29', 'Bern', '3012', 'Switzerland');

-- Table structure for table `orders`

CREATE TABLE orders (
  OrderID INT NOT NULL,
  CustomerID INT DEFAULT NULL,
  EmployeeID INT DEFAULT NULL,
  OrderDate date DEFAULT NULL,
  ShipperID INT DEFAULT NULL
);

INSERT INTO orders (OrderID, CustomerID, EmployeeID, OrderDate, ShipperID) VALUES
(10248, 90, 5, '1996-07-04', 3),
(10249, 81, 6, '1996-07-05', 1),
(10250, 34, 4, '1996-07-08', 2),
(10251, 84, 3, '1996-07-08', 1),
(10252, 76, 4, '1996-07-09', 2),
(10253, 34, 3, '1996-07-10', 2),
(10254, 14, 5, '1996-07-11', 2),
(10255, 68, 9, '1996-07-12', 3),
(10256, 88, 3, '1996-07-15', 2),
(10257, 35, 4, '1996-07-16', 3),
(10258, 20, 1, '1996-07-17', 1),
(10259, 13, 4, '1996-07-18', 3),
(10260, 55, 4, '1996-07-19', 1),
(10261, 61, 4, '1996-07-19', 2));

--
-- Table structure for table `shippers`
--

CREATE TABLE shippers (
  ShipperID INT NOT NULL,
  ShipperName varchar DEFAULT NULL,
  Phone varchar DEFAULT NULL
);

--
-- Dumping data for table `shippers`
--

INSERT INTO shippers (ShipperID, ShipperName, Phone) VALUES
(1, 'Speedy Express', '(503) 555-9831'),
(2, 'United Package', '(503) 555-3199'),
(3, 'Federal Shipping', '(503) 555-9931');

--
-- Indexes for table `orders`
--
ALTER TABLE orders
  ADD PRIMARY KEY (OrderID),
  ADD KEY CustomerID (CustomerID),
  ADD KEY ShipperID (ShipperID);
  
--
-- Indexes for table `shippers`
--
ALTER TABLE shippers
  ADD PRIMARY KEY (ShipperID);  
